{
    "A intersect B remaining": [
        1698,
        1537,
        0,
        0
    ],
    "A minus B remaining": [
        5636348,
        1443,
        1443,
        0
    ],
    "A path": "/media/gtnetuser/HDD_16TB_ATLAS/geth-2nd-state/state-22020359-sha256-sorted.txt",
    "B minus A remaining": [
        499138,
        499138,
        0,
        0
    ],
    "B path": "/media/gtnetuser/HDD_16TB_ATLAS/geth-4th-state/state-22399992-sha256-sorted.txt",
    "Intersect path": "/media/gtnetuser/HDD_16TB_ATLAS/state-22020359-intersect-22399992.txt",
    "comm costs": [
        567586797.0,
        284154674.0,
        86798611.0,
        6396450.0,
        61134.0
    ],
    "communication rounds": 5,
    "counting": true,
    "d": 233000000,
    "doro costs": [
        567586797.0,
        171790177.0,
        26571601.0,
        161809.0,
        97.0
    ],
    "finger costs": [
        0,
        112364497.0,
        47562721.0,
        5854641.0,
        57337.0
    ],
    "k": 7,
    "num peels": [
        16542268,
        22178022,
        22678697,
        22680140
    ],
    "number of corrected errors": 4901660,
    "number of failed blocks": 43,
    "number of recenters": 1133,
    "peak memory": "VmHWM:\t257897024 kB\n",
    "resolving costs": [
        0,
        0,
        12664289,
        380000,
        3700
    ],
    "resolving round": 0,
    "result filename": "/media/mydrive/CDMA/result/geth_full_2nd_with_4th_sd45.json",
    "root path": "/media/gtnetuser/Dell/CDMA",
    "round entering resolving": 1,
    "seed": 45,
    "success": true,
    "theoretical entropy costs": [
        387877710.5091423,
        171263271.2870396,
        26253806.228107754,
        160971.63676615196,
        -0.0
    ],
    "time": [
        3451.301389233,
        7133.22843438,
        8998.930839682,
        9926.777301724
    ],
    "total communication cost": 944997666.0,
    "total theoretical entropy cost": 585555759.6610559
}
