{
    "A intersect B remaining": [
        34557,
        33171,
        8,
        0
    ],
    "A minus B remaining": [
        340292,
        3322,
        3322,
        0
    ],
    "A path": "/media/gtnetuser/HDD_16TB_ATLAS/geth-3rd-state/state-22392874-sha256-sorted.txt",
    "B minus A remaining": [
        99350,
        99350,
        0,
        0
    ],
    "B path": "/media/gtnetuser/HDD_16TB_ATLAS/geth-4th-state/state-22399992-sha256-sorted.txt",
    "Intersect path": "/media/gtnetuser/HDD_16TB_ATLAS/state-22392874-intersect-22399992.txt",
    "comm costs": [
        24749145.0,
        13756178.0,
        7155845.0,
        1325080.0,
        53946.0
    ],
    "communication rounds": 5,
    "counting": true,
    "d": 10000000,
    "doro costs": [
        24749145.0,
        9991761.0,
        3848529.0,
        238433.0,
        97.0
    ],
    "finger costs": [
        0,
        3764417.0,
        2726417.0,
        967457.0,
        48689.0
    ],
    "k": 7,
    "num peels": [
        582011,
        929621,
        1062892,
        1066222
    ],
    "number of corrected errors": 76429,
    "number of failed blocks": 2,
    "number of recenters": 162,
    "peak memory": "VmHWM:\t258280504 kB\n",
    "resolving costs": [
        0,
        0,
        580899,
        119190,
        5160
    ],
    "resolving round": 0,
    "result filename": "/media/mydrive/CDMA/result/geth_full_3rd_with_4th_sd44.json",
    "root path": "/media/gtnetuser/Dell/CDMA",
    "round entering resolving": 1,
    "seed": 44,
    "success": true,
    "theoretical entropy costs": [
        16737569.056571618,
        9956696.916503549,
        3831597.0754293334,
        237186.32548983555,
        -0.0
    ],
    "time": [
        1894.638940913,
        4251.405584561,
        5440.622722793,
        6020.955590281001
    ],
    "total communication cost": 47040194.0,
    "total theoretical entropy cost": 30763049.373994336
}
