{
    "A intersect B remaining": [
        32973,
        31532,
        9,
        0
    ],
    "A minus B remaining": [
        340292,
        2926,
        2926,
        0
    ],
    "A path": "/media/gtnetuser/HDD_16TB_ATLAS/geth-3rd-state/state-22392874-sha256-sorted.txt",
    "B minus A remaining": [
        97002,
        97002,
        0,
        0
    ],
    "B path": "/media/gtnetuser/HDD_16TB_ATLAS/geth-4th-state/state-22399992-sha256-sorted.txt",
    "Intersect path": "/media/gtnetuser/HDD_16TB_ATLAS/state-22392874-intersect-22399992.txt",
    "comm costs": [
        24748729.0,
        13736674.0,
        7095991.0,
        1266046.0,
        48638.0
    ],
    "communication rounds": 5,
    "counting": true,
    "d": 10000000,
    "doro costs": [
        24748729.0,
        9968385.0,
        3779873.0,
        213809.0,
        97.0
    ],
    "finger costs": [
        0,
        3768289.0,
        2727041.0,
        947489.0,
        43553.0
    ],
    "k": 7,
    "num peels": [
        584537,
        931854,
        1060899,
        1063834
    ],
    "number of corrected errors": 76421,
    "number of failed blocks": 0,
    "number of recenters": 0,
    "peak memory": "VmHWM:\t253537740 kB\n",
    "resolving costs": [
        0,
        0,
        589077,
        104748,
        4988
    ],
    "resolving round": 0,
    "result filename": "/media/mydrive/CDMA/result/geth_full_sha256.json",
    "root path": "/media/gtnetuser/Dell/CDMA",
    "round entering resolving": 1,
    "seed": 43,
    "success": true,
    "theoretical entropy costs": [
        16737569.056571618,
        9934647.701062312,
        3763819.389614033,
        212691.9073109902,
        -0.0
    ],
    "time": [
        1909.881817645,
        4276.529316065,
        5455.714730763,
        6028.4498724840005
    ],
    "total communication cost": 46896078.0,
    "total theoretical entropy cost": 30648728.054558955
}
